"COUNTRY","YEAR","LCOMP","LDALE","LHEXP","LHC","LGDPC","OECD","POPDEN"
6,1993,4.40205,4.175075,6.698626,1.546882,9.8773735,0,24.15357
6,1994,4.404832,4.178693,6.695848,1.562831,9.8773735,0,24.15357
6,1995,4.407608,4.182297,6.70879,1.575416,9.8773735,0,24.15357
6,1996,4.410376,4.185888,6.733424,1.588988,9.8773735,0,24.15357
6,1997,4.413137,4.189466,6.707288,1.604789,9.8773735,0,24.15357
7,1993,4.39151,4.188631,6.621396,2.133299,9.2112749,0,1282.278
7,1994,4.393986,4.192004,6.661125,2.145911,9.2112749,0,1282.278
7,1995,4.396454,4.195366,6.58205,2.15854,9.2112749,0,1282.278
7,1996,4.398916,4.198719,6.676451,2.165105,9.2112749,0,1282.278
7,1997,4.401369,4.202059,6.710239,2.17149,9.2112749,0,1282.278
8,1993,4.325154,4.179594,4.484866,2.061933,7.5680424,0,124.1774
8,1994,4.326225,4.181307,3.45681,2.07175,7.5680424,0,124.1774
8,1995,4.328574,4.18508,4.939169,2.081299,7.5680424,0,124.1774
8,1996,4.33317,4.192509,4.999346,2.090586,7.5680424,0,124.1774
8,1997,4.339696,4.203161,5.029735,2.099615,7.5680424,0,124.1774
10,1993,4.505664,4.265524,7.313606,2.343819,9.934615,1,224.562
10,1994,4.508295,4.268588,7.337878,2.344749,9.934615,1,224.562
10,1995,4.510921,4.271643,7.364151,2.345649,9.934615,1,224.562
10,1996,4.51308,4.274151,7.380574,2.346521,9.934615,1,224.562
10,1997,4.514477,4.275774,7.383569,2.347365,9.934615,1,224.562
11,1993,4.502895,4.258844,7.475946,2.018347,9.9942748,1,96.25747
11,1994,4.505921,4.262355,7.496211,2.028266,9.9942748,1,96.25747
11,1995,4.508823,4.265716,7.514135,2.037957,9.9942748,1,96.25747
11,1996,4.512044,4.269441,7.540307,2.047422,9.9942748,1,96.25747
11,1997,4.516014,4.274024,7.586329,2.056664,9.9942748,1,96.25747
14,1993,4.092309,3.566025,3.309616,0.671567,6.4740796,0,254.075
14,1994,4.090077,3.560647,3.452526,0.6962149,6.4740796,0,254.075
14,1995,4.087842,3.555241,3.333656,0.7211911,6.4740796,0,254.075
14,1996,4.085604,3.549806,3.321472,0.746729,6.4740796,0,254.075
14,1997,4.083362,3.544341,3.255204,0.774052,6.4740796,0,254.075
15,1993,4.508317,4.267419,7.447915,2.201348,9.9911408,1,333.0196
15,1994,4.509865,4.269216,7.456949,2.206692,9.9911408,1,333.0196
15,1995,4.511411,4.27101,7.451334,2.211882,9.9911408,1,333.0196
15,1996,4.512956,4.272802,7.463541,2.216923,9.9911408,1,333.0196
15,1997,4.51471,4.274835,7.465412,2.221818,9.9911408,1,333.0196
16,1993,4.150563,3.719198,3.160034,0.3969877,7.1576817,0,49.85168
16,1994,4.153378,3.724965,3.644486,0.4412852,7.1576817,0,49.85168
16,1995,4.156189,3.730696,3.630005,0.4721895,7.1576817,0,49.85168
16,1996,4.158995,3.736392,3.689561,0.5046523,7.1576817,0,49.85168
16,1997,4.161796,3.742052,3.651124,0.5354633,7.1576817,0,49.85168
17,1993,4.091064,3.588565,3.505456,0.4302978,6.7866086,0,38.26159
17,1994,4.089165,3.584254,3.567686,0.4803479,6.7866086,0,38.26159
17,1995,4.087264,3.579925,3.558254,0.527788,6.7866086,0,38.26159
17,1996,4.085359,3.575576,3.544831,0.5771594,6.7866086,0,38.26159
17,1997,4.083452,3.571208,3.616523,0.6251824,6.7866086,0,38.26159
18,1993,4.189259,3.866705,3.953479,0.8214858,7.2581403,0,880.3256
18,1994,4.196126,3.877253,3.999268,0.8363169,7.2581403,0,880.3256
18,1995,4.202962,3.887694,4.01399,0.851154,7.2581403,0,880.3256
18,1996,4.209769,3.898032,4.093261,0.8765932,7.2581403,0,880.3256
18,1997,4.216548,3.908268,4.242205,0.901831,7.2581403,0,880.3256
19,1993,4.356575,4.174331,5.487499,2.231304,8.2927561,0,74.92934
19,1994,4.355264,4.172436,5.392086,2.235786,8.2927561,0,74.92934
19,1995,4.354165,4.170848,5.424455,2.240135,8.2927561,0,74.92934
19,1996,4.353098,4.169309,5.165383,2.244354,8.2927561,0,74.92934
19,1997,4.352055,4.167803,5.256202,2.248448,8.2927561,0,74.92934
20,1993,4.377399,4.159184,6.352451,1.587847,9.4178837,0,1217.357
20,1994,4.379773,4.162369,6.339975,1.602698,9.4178837,0,1217.357
20,1995,4.382141,4.165545,6.281171,1.617551,9.4178837,0,1217.357
20,1996,4.384502,4.168711,6.27479,1.635549,9.4178837,0,1217.357
20,1997,4.386858,4.171868,6.294318,1.65326,9.4178837,0,1217.357
21,1993,4.352228,4.063617,6.922378,2.125624,9.9399554,0,22.45707
21,1994,4.355315,4.06785,6.948683,2.124445,9.9399554,0,22.45707
21,1995,4.358393,4.072044,6.944223,2.124203,9.9399554,0,22.45707
21,1996,4.361464,4.076203,7.039534,2.128231,9.9399554,0,22.45707
21,1997,4.364525,4.080326,7.109738,2.130633,9.9399554,0,22.45707
23,1993,4.406545,4.142985,5.774479,2.192202,8.3600607,0,50.1920013
23,1994,4.401321,4.136407,5.416687,2.198254,8.3600607,0,50.1920013
23,1995,4.396791,4.13067,5.226135,2.204119,8.3600607,0,50.1920013
23,1996,4.393497,4.126477,5.397111,2.185528,8.3600607,0,50.1920013
23,1997,4.392053,4.124633,5.529843,2.181116,8.3600607,0,50.1920013
25,1993,4.233975,3.94079,4.906737,1.64941,7.8861476,0,597.7834
25,1994,4.240201,3.949835,4.964471,1.668861,7.8861476,0,597.7834
25,1995,4.246398,3.958798,4.932492,1.688347,7.8861476,0,597.7834
25,1996,4.252568,3.96768,5.179805,1.704698,7.8861476,0,597.7834
25,1997,4.258712,3.976483,5.038836,1.720777,7.8861476,0,597.7834
26,1993,4.22286,4.066336,6.01277,1.363763,8.7895591,0,1922.859
26,1994,4.225716,4.070157,5.980708,1.372476,8.7895591,0,1922.859
26,1995,4.228531,4.07396,6.097861,1.381189,8.7895591,0,1922.859
26,1996,4.231307,4.077745,6.068351,1.402519,8.7895591,0,1922.859
26,1997,4.234043,4.081513,6.056191,1.423579,8.7895591,0,1922.859
27,1993,4.432955,4.167961,6.441521,2.09722,9.3219613,0,602.1141
27,1994,4.434981,4.170416,6.469221,2.105427,9.3219613,0,602.1141
27,1995,4.437005,4.172864,6.460924,2.113421,9.3219613,0,602.1141
27,1996,4.439025,4.175303,6.565949,2.121206,9.3219613,0,602.1141
27,1997,4.441043,4.177733,6.704665,2.128785,9.3219613,0,602.1141
30,1993,4.1039,3.602835,5.206848,1.387754,8.5481805,0,2.643033
30,1994,4.090744,3.572196,5.289236,1.40893,8.5481805,0,2.643033
30,1995,4.077479,3.540611,5.337773,1.430136,8.5481805,0,2.643033
30,1996,4.064095,3.508016,5.334643,1.450766,8.5481805,0,2.643033
30,1997,4.050582,3.474341,5.378095,1.471123,8.5481805,0,2.643033
31,1993,3.867445,3.626862,3.094836,0.7129164,7.0513966,0,5.49989
31,1994,3.857538,3.616491,3.343397,0.747633,7.0513966,0,5.49989
31,1995,3.84752,3.606012,3.469332,0.782513,7.0513966,0,5.49989
31,1996,3.83739,3.595424,3.445075,0.8082573,7.0513966,0,5.49989
31,1997,3.827146,3.584723,3.510937,0.8338064,7.0513966,0,5.49989
32,1993,4.507994,4.268424,7.568934,2.341276,9.9752457,1,312.7715
32,1994,4.510656,4.271523,7.509762,2.342311,9.9752457,1,312.7715
32,1995,4.513315,4.274613,7.529959,2.343313,9.9752457,1,312.7715
32,1996,4.515968,4.277694,7.519067,2.344281,9.9752457,1,312.7715
32,1997,4.518618,4.280766,7.521838,2.345216,9.9752457,1,312.7715
34,1993,4.512093,4.272218,7.823837,2.225066,10.1736063,1,172.2328
34,1994,4.514522,4.275034,7.841708,2.229658,10.1736063,1,172.2328
34,1995,4.517276,4.278226,7.860758,2.23412,10.1736063,1,172.2328
34,1996,4.520888,4.282403,7.87555,2.238453,10.1736063,1,172.2328
34,1997,4.524491,4.286564,7.880971,2.242661,10.1736063,1,172.2328
35,1993,4.440414,4.21919,6.029281,1.938074,9.1660508,0,19.71762
35,1994,4.443069,4.222556,6.068905,1.949396,9.1660508,0,19.71762
35,1995,4.445716,4.225909,6.154764,1.960757,9.1660508,0,19.71762
35,1996,4.448359,4.229252,6.298419,1.972223,9.1660508,0,19.71762
35,1997,4.450994,4.232583,6.369169,1.983431,9.1660508,0,19.71762
36,1993,4.205032,4.127961,3.884061,1.826988,7.9271642,0,13329.46
36,1994,4.206104,4.129857,3.951758,1.84067,7.9271642,0,13329.46
36,1995,4.207165,4.13175,4.082177,1.845327,7.9271642,0,13329.46
36,1996,4.208213,4.133641,4.202721,1.85591,7.9271642,0,13329.46
36,1997,4.209251,4.135528,4.315246,1.876479,7.9271642,0,13329.46
37,1993,4.122434,3.798261,4.123056,0.7671859,7.4969959,0,44.40993
37,1994,4.116201,3.789142,4.001497,0.8012543,7.4969959,0,44.40993
37,1995,4.109941,3.779957,4.009629,0.8309435,7.4969959,0,44.40993
37,1996,4.103652,3.770703,4.019825,0.8632969,7.4969959,0,44.40993
37,1997,4.097334,3.761378,4.054976,0.8968195,7.4969959,0,44.40993
38,1993,4.058076,3.713757,3.892653,1.198504,7.4640673,0,301.2809
38,1994,4.063315,3.72142,3.874766,1.22528,7.4640673,0,301.2809
38,1995,4.068525,3.729023,4.150482,1.252095,7.4640673,0,301.2809
38,1996,4.073706,3.736568,4.117829,1.274408,7.4640673,0,301.2809
38,1997,4.07886,3.744056,4.468335,1.296473,7.4640673,0,301.2809
39,1993,4.106024,3.825081,4.776862,1.636271,7.6094642,0,7.848245
39,1994,4.103099,3.821334,4.574426,1.650793,7.6094642,0,7.848245
39,1995,4.100163,3.817571,4.684561,1.668733,7.6094642,0,7.848245
39,1996,4.097215,3.813793,4.619338,1.687054,7.6094642,0,7.848245
39,1997,4.094255,3.809999,4.613732,1.700636,7.6094642,0,7.848245
40,1993,4.41762,4.130582,5.462426,1.599511,8.6071165,0,3511.532
40,1994,4.420268,4.133846,5.727164,1.616502,8.6071165,0,3511.532
40,1995,4.422918,4.137098,5.906466,1.633506,8.6071165,0,3511.532
40,1996,4.425571,4.140339,6.095005,1.651171,8.6071165,0,3511.532
40,1997,4.428226,4.143569,6.231961,1.66855,8.6071165,0,3511.532
41,1993,4.166403,3.794311,4.079795,1.031056,6.9609652,0,255.0355
41,1994,4.17388,3.807374,3.999122,1.042484,6.9609652,0,255.0355
41,1995,4.181306,3.820232,3.935676,1.050795,6.9609652,0,255.0355
41,1996,4.188683,3.832889,3.884902,1.054418,6.9609652,0,255.0355
41,1997,4.196011,3.845346,3.859873,1.068704,6.9609652,0,255.0355
42,1993,4.199468,4.02678,3.555974,1.089697,7.6868187,0,96.09802
42,1994,4.205739,4.034507,4.232751,1.132516,7.6868187,0,96.09802
42,1995,4.211822,4.042125,4.159517,1.167058,7.6868187,0,96.09802
42,1996,4.217722,4.049638,4.142931,1.206712,7.6868187,0,96.09802
42,1997,4.223445,4.057048,4.111268,1.247813,7.6868187,0,96.09802
43,1993,4.408889,4.193938,6.265787,1.745413,8.6334266,0,67.25978
43,1994,4.410695,4.196316,6.142668,1.756006,8.6334266,0,67.25978
43,1995,4.412496,4.198686,6.108749,1.766626,8.6334266,0,67.25978
43,1996,4.414293,4.201049,6.172723,1.782072,8.6334266,0,67.25978
43,1997,4.416085,4.203405,6.191579,1.797231,8.6334266,0,67.25978
45,1993,4.474282,4.237038,6.317011,2.036998,9.4324602,0,80.81602
45,1994,4.476695,4.239934,6.39211,2.046572,9.4324602,0,80.81602
45,1995,4.479105,4.242823,6.445793,2.055919,9.4324602,0,80.81602
45,1996,4.481511,4.245704,6.586516,2.065041,9.4324602,0,80.81602
45,1997,4.483914,4.248577,6.602242,2.07394,9.4324602,0,80.81602
46,1993,4.45507,4.201041,6.459105,2.319422,9.038796,1,136.1699982
46,1994,4.459699,4.206565,6.461227,2.321116,9.038796,1,136.1699982
46,1995,4.464426,4.212184,6.51128,2.322758,9.038796,1,136.1699982
46,1996,4.468941,4.217533,6.463586,2.324351,9.038796,1,136.1699982
46,1997,4.473201,4.222565,6.461774,2.325895,9.038796,1,136.1699982
47,1993,4.501305,4.243166,7.633347,2.210217,10.0198861,1,230.7111
47,1994,4.503685,4.245874,7.663945,2.215253,10.0198861,1,230.7111
47,1995,4.507158,4.249819,7.727385,2.220147,10.0198861,1,230.7111
47,1996,4.510626,4.253749,7.751777,2.224902,10.0198861,1,230.7111
47,1997,4.513977,4.257537,7.766091,2.229522,10.0198861,1,230.7111
50,1993,4.505281,4.23771,7.491347,2.371594,10.0970779,1,123.3228
50,1994,4.506574,4.239157,7.486742,2.372015,10.0970779,1,123.3228
50,1995,4.507394,4.240075,7.48809,2.372422,10.0970779,1,123.3228
50,1996,4.508214,4.240992,7.528602,2.372816,10.0970779,1,123.3228
50,1997,4.50937,4.242284,7.571349,2.373197,10.0970779,1,123.3228
51,1993,4.345822,4.119342,5.188852,1.537945,8.3316662,0,168.3128
51,1994,4.349026,4.123674,5.193377,1.553482,8.3316662,0,168.3128
51,1995,4.352211,4.127978,5.161102,1.569093,8.3316662,0,168.3128
51,1996,4.355377,4.132256,5.23451,1.587827,8.3316662,0,168.3128
51,1997,4.358524,4.136508,5.315731,1.606277,8.3316662,0,168.3128
53,1993,4.289006,4.090278,5.222338,1.82412,8.3150741,0,46.46882
53,1994,4.292734,4.095432,5.243008,1.839968,8.3150741,0,46.46882
53,1995,4.296423,4.100559,5.22358,1.855827,8.3150741,0,46.46882
53,1996,4.300076,4.10566,5.178436,1.86955,8.3150741,0,46.46882
53,1997,4.303692,4.110735,5.23596,1.882995,8.3150741,0,46.46882
54,1993,4.27178,4.03382,4.56454,1.187801,8.0573278,0,61.70844
54,1994,4.278309,4.042585,4.612455,1.202811,8.0573278,0,61.70844
54,1995,4.284796,4.051315,4.638671,1.219581,8.0573278,0,61.70844
54,1996,4.291241,4.060009,4.697321,1.237521,8.0573278,0,61.70844
54,1997,4.297645,4.068669,4.76049,1.255197,8.0573278,0,61.70844
56,1993,4.499185,4.27683,6.951217,1.960333,9.6281543,1,77.54457
56,1994,4.501612,4.279757,7.010405,1.971833,9.6281543,1,77.54457
56,1995,4.504036,4.282676,7.022781,1.983073,9.6281543,1,77.54457
56,1996,4.506886,4.286104,7.094104,1.994057,9.6281543,1,77.54457
56,1997,4.510374,4.290295,7.102426,2.004787,9.6281543,1,77.54457
57,1993,4.386142,4.1248,5.621849,2.154152,8.5994008,0,32.63972
57,1994,4.38563,4.12414,5.718703,2.161353,8.5994008,0,32.63972
57,1995,4.387078,4.126005,5.80592,2.16834,8.5994008,0,32.63972
57,1996,4.392258,4.132649,5.823864,2.171227,8.5994008,0,32.63972
57,1997,4.403626,4.147097,5.850529,2.16863,8.5994008,0,32.63972
58,1993,3.93825,3.540196,2.786857,0.5834425,6.2566991,0,5307.809
58,1994,3.933673,3.533189,2.847174,0.6176913,6.2566991,0,5307.809
58,1995,3.929074,3.526133,2.877852,0.649808,6.2566991,0,5307.809
58,1996,3.924454,3.519026,2.926801,0.6795576,6.2566991,0,5307.809
58,1997,3.919812,3.511869,2.98653,0.7049364,6.2566991,0,5307.809
59,1993,4.495282,4.243087,7.29338,2.271198,9.9194893,1,15.60579
59,1994,4.498676,4.247001,7.261003,2.274478,9.9194893,1,15.60579
59,1995,4.502717,4.251648,7.281354,2.277657,9.9194893,1,15.60579
59,1996,4.506059,4.255485,7.323067,2.280737,9.9194893,1,15.60579
59,1997,4.50842,4.25819,7.342467,2.283721,9.9194893,1,15.60579
60,1993,4.339687,4.071836,5.279014,2.101662,8.5360829,0,42.07207
60,1994,4.34225,4.07531,5.30078,2.115597,8.5360829,0,42.07207
60,1995,4.344814,4.078775,5.276,2.129536,8.5360829,0,42.07207
60,1996,4.34738,4.082232,5.324188,2.136807,8.5360829,0,42.07207
60,1997,4.349947,4.08568,5.365997,2.143887,8.5360829,0,42.07207
61,1993,4.511451,4.283846,7.5681,1.945797,9.9812561,1,104.2245
61,1994,4.514036,4.286907,7.580994,1.957597,9.9812561,1,104.2245
61,1995,4.516542,4.289871,7.618773,1.969136,9.9812561,1,104.2245
61,1996,4.51897,4.29274,7.62968,1.980415,9.9812561,1,104.2245
61,1997,4.520973,4.295105,7.658468,1.991438,9.9812561,1,104.2245
64,1993,4.506755,4.26268,7.040465,2.18842,9.9325924,1,258.2351
64,1994,4.509629,4.266003,7.079181,2.194156,9.9325924,1,258.2351
64,1995,4.512267,4.26905,7.102757,2.199728,9.9325924,1,258.2351
64,1996,4.514902,4.27209,7.07271,2.205141,9.9325924,1,258.2351
64,1997,4.517541,4.275131,7.08528,2.210398,9.9325924,1,258.2351
65,1993,4.34954,4.195961,5.048257,2.334587,7.6708547,0,77.36629
65,1994,4.349472,4.195856,4.296329,2.335943,7.6708547,0,77.36629
65,1995,4.349404,4.195751,4.389643,2.33725,7.6708547,0,77.36629
65,1996,4.349337,4.195646,4.510202,2.340853,7.6708547,0,77.36629
65,1997,4.349269,4.19554,4.547289,2.344301,7.6708547,0,77.36629
66,1993,4.167165,3.779587,4.038417,1.366253,7.2874225,0,79.15656
66,1994,4.172179,3.788791,4.044546,1.390177,7.2874225,0,79.15656
66,1995,4.177177,3.797903,4.058702,1.414141,7.2874225,0,79.15656
66,1996,4.182159,3.806924,4.102681,1.43218,7.2874225,0,79.15656
66,1997,4.187128,3.815855,3.813654,1.449991,7.2874225,0,79.15656
68,1993,4.046133,3.823375,4.267115,0.6958857,7.0566717,0,111.0706
68,1994,4.059219,3.837345,4.068939,0.7228948,7.0566717,0,111.0706
68,1995,4.072029,3.851101,4.086683,0.7566985,7.0566717,0,111.0706
68,1996,4.084563,3.864648,4.077139,0.790181,7.0566717,0,111.0706
68,1997,4.096821,3.877991,3.955579,0.8237497,7.0566717,0,111.0706
69,1993,3.941756,3.59016,3.524786,0.4859474,6.8537501,0,34.35164
69,1994,3.9463,3.596436,3.559537,0.5397,6.8537501,0,34.35164
69,1995,3.950822,3.602673,4.078918,0.5423872,6.8537501,0,34.35164
69,1996,3.955323,3.608871,4.130048,0.5382882,6.8537501,0,34.35164
69,1997,3.959802,3.615031,3.989046,0.5251161,6.8537501,0,34.35164
70,1993,4.066957,3.74334,3.999769,1.443347,7.8399268,0,15.4514
70,1994,4.074733,3.754184,3.580191,1.47007,7.8399268,0,15.4514
70,1995,4.082439,3.764905,3.688163,1.489821,7.8399268,0,15.4514
70,1996,4.090076,3.775506,4.242391,1.511484,7.8399268,0,15.4514
70,1997,4.097645,3.785988,4.487519,1.533147,7.8399268,0,15.4514
71,1993,4.500233,4.280318,6.549887,2.106717,9.3994166,1,80.12562
71,1994,4.501773,4.282181,6.643304,2.114202,9.3994166,1,80.12562
71,1995,4.50299,4.283652,6.703664,2.121511,9.3994166,1,80.12562
71,1996,4.504207,4.285122,6.846924,2.128647,9.3994166,1,80.12562
71,1997,4.505571,4.286771,6.873688,2.135613,9.3994166,1,80.12562
73,1993,4.25579,3.964181,4.692193,1.17108,8.1881173,0,97.58974
73,1994,4.261041,3.971842,4.640755,1.190979,8.1881173,0,97.58974
73,1995,4.266278,3.979443,4.557703,1.210957,8.1881173,0,97.58974
73,1996,4.271501,3.986984,4.355874,1.233954,8.1881173,0,97.58974
73,1997,4.27671,3.994467,4.458416,1.256707,8.1881173,0,97.58974
74,1993,4.25032,4.081214,4.31075,1.76463,7.8344256,0,4.03159
74,1994,4.253532,4.085659,4.405633,1.773638,7.8344256,0,4.03159
74,1995,4.256698,4.090078,4.449596,1.782683,7.8344256,0,4.03159
74,1996,4.259818,4.094472,4.803358,1.797834,7.8344256,0,4.03159
74,1997,4.262894,4.098843,4.858496,1.812699,7.8344256,0,4.03159
75,1993,4.197554,4.087443,5.058452,1.47726,7.6452136,0,53.10673
75,1994,4.202053,4.093974,4.932176,1.490947,7.6452136,0,53.10673
75,1995,4.206401,4.100456,5.000148,1.504647,7.6452136,0,53.10673
75,1996,4.210604,4.106888,5.021665,1.523713,7.6452136,0,53.10673
75,1997,4.214666,4.113273,5.054946,1.542512,7.6452136,0,53.10673
76,1993,4.436569,4.200655,5.709551,2.152646,8.5321817,0,73.8330002
76,1994,4.437682,4.20204,5.738021,2.141632,8.5321817,0,73.8330002
76,1995,4.438794,4.203424,5.928142,2.130869,8.5321817,0,73.8330002
76,1996,4.439925,4.20483,6.00176,2.121851,8.5321817,0,73.8330002
76,1997,4.441395,4.206657,6.018876,2.111568,8.5321817,0,73.8330002
77,1993,4.134921,3.80461,4.070113,1.155403,7.0789738,0,275.8844
77,1994,4.136264,3.806628,3.939174,1.181127,7.0789738,0,275.8844
77,1995,4.137606,3.808642,4.088061,1.206881,7.0789738,0,275.8844
77,1996,4.138946,3.810652,4.030982,1.228861,7.0789738,0,275.8844
77,1997,4.140285,3.812659,3.99986,1.250605,7.0789738,0,275.8844
78,1993,4.407464,4.143847,5.842922,2.207424,8.8590142,1,109.0545
78,1994,4.409609,4.146532,5.945415,2.212563,8.8590142,1,109.0545
78,1995,4.412888,4.150625,5.946137,2.217555,8.8590142,1,109.0545
78,1996,4.417488,4.156341,5.927946,2.222405,8.8590142,1,109.0545
78,1997,4.423239,4.163448,5.921551,2.227114,8.8590142,1,109.0545
79,1993,4.275977,4.054441,3.87662,1.607212,8.1039796,0,10383.45
79,1994,4.282701,4.063475,3.93275,1.634374,8.1039796,0,10383.45
79,1995,4.289323,4.072423,4.049622,1.661592,8.1039796,0,10383.45
79,1996,4.295847,4.081286,4.054647,1.678491,8.1039796,0,10383.45
79,1997,4.302276,4.090066,4.029438,1.695113,8.1039796,0,10383.45
80,1993,4.225756,3.939943,4.267251,1.506125,7.3917691,0,29313.08
80,1994,4.231946,3.94873,4.326718,1.53992,7.3917691,0,29313.08
80,1995,4.238117,3.95746,4.349141,1.573736,7.3917691,0,29313.08
80,1996,4.244267,3.966135,4.401441,1.590595,7.3917691,0,29313.08
80,1997,4.250398,3.974757,4.435257,1.607214,7.3917691,0,29313.08
81,1993,4.496392,4.239087,6.921809,2.107656,9.8767107,1,34.92001
81,1994,4.499858,4.243049,6.952717,2.115592,9.8767107,1,34.92001
81,1995,4.501298,4.244693,7.020738,2.12332,9.8767107,1,34.92001
81,1996,4.502738,4.246336,6.91871,2.130843,9.8767107,1,34.92001
81,1997,4.502383,4.245931,7.09609,2.138166,9.8767107,1,34.92001
82,1993,4.260094,4.074722,5.143957,1.444683,8.4234028,0,3761.498
82,1994,4.265511,4.082123,5.246912,1.472643,8.4234028,0,3761.498
82,1995,4.270843,4.089492,5.216247,1.500631,8.4234028,0,3761.498
82,1996,4.27609,4.096828,5.1727,1.51958,8.4234028,0,3761.498
82,1997,4.281256,4.104132,5.299837,1.538267,8.4234028,0,3761.498
83,1993,4.260392,4.056964,4.844359,1.477349,7.8608361,0,506.0222
83,1994,4.253598,4.047973,4.74795,1.505216,7.8608361,0,506.0222
83,1995,4.246714,4.038955,4.669339,1.533087,7.8608361,0,506.0222
83,1996,4.23974,4.02991,4.607548,1.551505,7.8608361,0,506.0222
83,1997,4.232675,4.020837,4.690751,1.569661,7.8608361,0,506.0222
84,1993,4.507256,4.257857,7.409817,2.120746,10.0139922,1,2.939686
84,1994,4.50852,4.259307,7.413026,2.128318,10.0139922,1,2.939686
84,1995,4.509782,4.260755,7.427992,2.135689,10.0139922,1,2.939686
84,1996,4.510364,4.261421,7.459364,2.142864,10.0139922,1,2.939686
84,1997,4.510945,4.262087,7.475685,2.149847,10.0139922,1,2.939686
85,1993,4.495585,4.24655,7.078543,2.251462,9.7420968,0,278.5973
85,1994,4.498031,4.249382,7.206974,2.255335,9.7420968,0,278.5973
85,1995,4.500474,4.252208,7.236497,2.259091,9.7420968,0,278.5973
85,1996,4.502913,4.255025,7.358631,2.262734,9.7420968,0,278.5973
85,1997,4.505349,4.257834,7.50717,2.266265,9.7420968,0,278.5973
86,1993,4.503852,4.277394,7.332129,1.910252,9.8847995,1,1862.068
86,1994,4.506418,4.280455,7.32796,1.922783,9.8847995,1,1862.068
86,1995,4.508979,4.283507,7.278533,1.935048,9.8847995,1,1862.068
86,1996,4.511536,4.286551,7.507833,1.947048,9.8847995,1,1862.068
86,1997,4.514089,4.289586,7.509644,1.958786,9.8847995,1,1862.068
87,1993,4.348416,4.199147,5.209575,1.575532,8.1670628,0,231.2673
87,1994,4.350171,4.201916,5.210791,1.582127,8.1670628,0,231.2673
87,1995,4.351916,4.204675,5.141926,1.588772,8.1670628,0,231.2673
87,1996,4.353652,4.207426,5.278359,1.598164,8.1670628,0,231.2673
87,1997,4.355379,4.210168,5.353652,1.616455,8.1670628,0,231.2673
88,1993,4.329377,4.079703,4.832036,1.824082,8.1407029,0,49.3423
88,1994,4.332342,4.083709,4.90134,1.838218,8.1407029,0,49.3423
88,1995,4.335305,4.087706,4.927027,1.852081,8.1407029,0,49.3423
88,1996,4.338266,4.091692,5.135364,1.865674,8.1407029,0,49.3423
88,1997,4.341224,4.095669,5.184191,1.878996,8.1407029,0,49.3423
89,1993,4.529099,4.30542,7.338906,2.211172,10.1142273,1,335.9699
89,1994,4.531269,4.307976,7.371798,2.216254,10.1142273,1,335.9699
89,1995,4.533326,4.310395,7.424817,2.221189,10.1142273,1,335.9699
89,1996,4.535376,4.312806,7.457588,2.225979,10.1142273,1,335.9699
89,1997,4.537396,4.31518,7.469152,2.230628,10.1142273,1,335.9699
90,1993,4.392697,4.066889,4.800881,1.932478,8.0948393,0,579.1731
90,1994,4.384065,4.054803,4.822522,1.945592,8.0948393,0,579.1731
90,1995,4.377687,4.045616,4.863354,1.95839,8.0948393,0,579.1731
90,1996,4.373826,4.039943,4.847613,1.952702,8.0948393,0,579.1731
90,1997,4.370004,4.034239,4.850646,1.947034,8.0948393,0,579.1731
91,1993,4.193521,3.738256,3.983804,1.386953,7.1350422,0,49.8693
91,1994,4.18665,3.721853,3.982682,1.411887,7.1350422,0,49.8693
91,1995,4.179782,3.705178,4.022972,1.436858,7.1350422,0,49.8693
91,1996,4.172914,3.688222,4.060286,1.456625,7.1350422,0,49.8693
91,1997,4.166043,3.670976,4.055928,1.476133,7.1350422,0,49.8693
96,1993,4.435819,4.160934,6.43118,2.348917,9.4588943,1,477.3148
96,1994,4.439777,4.165681,6.454906,2.355588,9.4588943,1,477.3148
96,1995,4.443737,4.170408,6.528469,2.362313,9.4588943,1,477.3148
96,1996,4.447697,4.175113,6.696804,2.36376,9.4588943,1,477.3148
96,1997,4.451658,4.179797,6.755832,2.365166,9.4588943,1,477.3148
97,1993,4.401716,4.137186,6.078881,1.850083,9.826843,0,106.233
97,1994,4.403622,4.139589,6.070581,1.884138,9.826843,0,106.233
97,1995,4.405525,4.141984,6.065523,1.918262,9.826843,0,106.233
97,1996,4.407425,4.14437,6.082792,1.930687,9.826843,0,106.233
97,1997,4.409323,4.146746,6.415595,1.942843,9.826843,0,106.233
99,1993,4.313341,4.0845,4.506252,1.872355,8.6225779,0,402.4357
99,1994,4.316813,4.089219,4.753407,1.882452,8.6225779,0,402.4357
99,1995,4.320278,4.093928,4.928396,1.891955,8.6225779,0,402.4357
99,1996,4.323734,4.098629,4.94576,1.902812,8.6225779,0,402.4357
99,1997,4.327181,4.103321,6.329943,1.912477,8.6225779,0,402.4357
103,1993,4.335744,4.123174,4.248335,1.814698,7.8468246,0,281.03
103,1994,4.338593,4.127096,4.320168,1.823761,7.8468246,0,281.03
103,1995,4.34143,4.131006,4.360399,1.832836,7.8468246,0,281.03
103,1996,4.344256,4.134905,4.387244,1.846908,7.8468246,0,281.03
103,1997,4.347073,4.138793,4.340267,1.860704,7.8468246,0,281.03
104,1993,4.041154,3.629313,4.610948,1.311805,7.4933518,0,66.35268
104,1994,4.038339,3.62449,4.67139,1.323496,7.4933518,0,66.35268
104,1995,4.035515,3.619644,4.651955,1.335191,7.4933518,0,66.35268
104,1996,4.032685,3.614774,4.73547,1.356884,7.4933518,0,66.35268
104,1997,4.029848,3.609882,4.610948,1.378317,7.4933518,0,66.35268
105,1993,4.383202,4.146547,5.226519,2.084592,8.4159019,0,57.53334
105,1994,4.381872,4.144807,5.389631,2.093787,8.4159019,0,57.53334
105,1995,4.382445,4.145557,5.356949,2.102727,8.4159019,0,57.53334
105,1996,4.386322,4.150625,5.399791,2.111415,8.4159019,0,57.53334
105,1997,4.394987,4.161911,5.45939,2.119858,8.4159019,0,57.53334
106,1993,4.511903,4.25665,7.385257,2.157167,10.3177244,1,159.7377
106,1994,4.51451,4.259603,7.381015,2.181702,10.3177244,1,159.7377
106,1995,4.517113,4.262547,7.435509,2.206238,10.3177244,1,159.7377
106,1996,4.519713,4.265484,7.466184,2.230772,10.3177244,1,159.7377
106,1997,4.521769,4.267803,7.599624,2.255308,10.3177244,1,159.7377
107,1993,4.343539,4.116301,5.10302,2.171315,8.3038141,0,38.51478
107,1994,4.341783,4.113926,5.334949,2.178003,8.3038141,0,38.51478
107,1995,4.341764,4.1139,5.468349,2.184489,8.3038141,0,38.51478
107,1996,4.345089,4.118398,5.598702,2.192175,8.3038141,0,38.51478
107,1997,4.354502,4.131122,5.506933,2.190186,8.3038141,0,38.51478
108,1993,4.303445,4.050262,5.016116,0.7645871,8.0083938,0,40.50924
108,1994,4.309283,4.058224,5.097032,0.7927274,8.0083938,0,40.50924
108,1995,4.315111,4.066152,5.030062,0.8123273,8.0083938,0,40.50924
108,1996,4.320927,4.074045,5.127446,0.825392,8.0083938,0,40.50924
108,1997,4.326732,4.081904,5.07093,0.8365069,8.0083938,0,40.50924
110,1993,4.339688,4.130613,4.805361,2.05219,7.3821773,0,128.4036
110,1994,4.335785,4.125224,4.877835,2.06227,7.3821773,0,128.4036
110,1995,4.332398,4.120554,4.849764,2.072077,7.3821773,0,128.4036
110,1996,4.330347,4.117729,4.938199,2.081618,7.3821773,0,128.4036
110,1997,4.332552,4.120767,4.893262,2.090895,7.3821773,0,128.4036
112,1993,4.174468,3.928113,5.091445,1.46413,8.0100793,0,2426.376
112,1994,4.18627,3.942847,5.235045,1.494377,8.0100793,0,2426.376
112,1995,4.197779,3.957302,5.424504,1.52416,8.0100793,0,2426.376
112,1996,4.208996,3.971485,5.4983,1.639271,8.0100793,0,2426.376
112,1997,4.219923,3.9854,5.509043,1.732386,8.0100793,0,2426.376
113,1993,4.386581,4.163859,6.079042,1.974035,8.9200244,1,4771.601
113,1994,4.389276,4.167429,6.104124,1.996855,8.9200244,1,4771.601
113,1995,4.391962,4.170983,5.989128,2.019718,8.9200244,1,4771.601
113,1996,4.394638,4.174522,5.9509,2.029699,8.9200244,1,4771.601
113,1997,4.397305,4.178046,6.037621,2.039447,8.9200244,1,4771.601
116,1993,3.952712,3.455042,2.924987,-0.0632064,6.6875436,0,819.941
116,1994,3.958477,3.466007,3.226418,-0.0433402,6.6875436,0,819.941
116,1995,3.96421,3.476852,3.232354,-0.0233695,6.6875436,0,819.941
116,1996,3.969912,3.48758,3.269989,0.0066272,6.6875436,0,819.941
116,1997,3.975582,3.498193,3.517458,0.0365137,6.6875436,0,819.941
117,1993,4.465519,4.247056,6.564801,1.671148,9.3937597,0,1128.159
117,1994,4.468514,4.250791,6.574691,1.695804,9.3937597,0,1128.159
117,1995,4.470593,4.253379,6.575672,1.721921,9.3937597,0,1128.159
117,1996,4.472668,4.255961,6.621225,1.751546,9.3937597,0,1128.159
117,1997,4.47474,4.258536,6.629139,1.778681,9.3937597,0,1128.159
118,1993,3.927262,3.905479,3.621672,0.991176,8.023087,0,66.55068
118,1994,3.941486,3.915264,4.078476,1.016385,8.023087,0,66.55068
118,1995,3.955257,3.924974,4.149558,1.041378,8.023087,0,66.55068
118,1996,3.968575,3.934611,4.134729,1.066152,8.023087,0,66.55068
118,1997,3.981442,3.944176,4.373428,1.090703,8.023087,0,66.55068
120,1993,3.902429,3.501424,3.484693,-0.024536,6.7522743,0,21.32993
120,1994,3.908049,3.509876,3.726602,-0.0047769,6.7522743,0,21.32993
120,1995,3.913638,3.518256,3.742882,0.0150535,6.7522743,0,21.32993
120,1996,3.919195,3.526567,3.821723,0.0452587,6.7522743,0,21.32993
120,1997,3.92472,3.53481,3.904962,0.075358,6.7522743,0,21.32993
121,1993,4.017105,3.681745,4.202831,0.9459163,7.1740296,0,236.2041
121,1994,4.024703,3.692297,4.220143,0.9721375,7.1740296,0,236.2041
121,1995,4.032236,3.702732,4.162776,0.9956402,7.1740296,0,236.2041
121,1996,4.039703,3.713053,4.310315,1.012012,7.1740296,0,236.2041
121,1997,4.047105,3.723262,4.291626,1.027251,7.1740296,0,236.2041
122,1993,4.321694,4.049483,5.575485,1.766453,9.0148823,0,864.4578
122,1994,4.324546,4.053425,5.600904,1.782269,9.0148823,0,864.4578
122,1995,4.32738,4.057328,5.611414,1.798116,9.0148823,0,864.4578
122,1996,4.330197,4.061193,5.807862,1.812626,9.0148823,0,864.4578
122,1997,4.332996,4.065023,5.662475,1.826866,9.0148823,0,864.4578
123,1993,3.97725,3.412672,3.806368,1.048844,6.7455839,0,108.7929
123,1994,3.973733,3.404789,3.847674,1.062556,6.7455839,0,108.7929
123,1995,3.970206,3.396843,3.668372,1.07631,6.7455839,0,108.7929
123,1996,3.966667,3.388834,3.801989,1.10022,6.7455839,0,108.7929
123,1997,3.963116,3.38076,3.898272,1.123904,6.7455839,0,108.7929
124,1993,4.385937,4.106801,5.13164,1.830136,9.0572032,0,66.40154
124,1994,4.388982,4.110732,5.112653,1.840755,9.0572032,0,66.40154
124,1995,4.390996,4.113321,5.177645,1.851395,9.0572032,0,66.40154
124,1996,4.392734,4.115548,5.278094,1.864766,9.0572032,0,66.40154
124,1997,4.394473,4.117771,5.327502,1.877879,9.0572032,0,66.40154
125,1993,4.091984,3.595353,5.898523,1.372297,8.3273635,0,1.982742
125,1994,4.089446,3.589664,5.892958,1.393392,8.3273635,0,1.982742
125,1995,4.086904,3.583943,5.792307,1.414193,8.3273635,0,1.982742
125,1996,4.084357,3.578189,5.730524,1.434698,8.3273635,0,1.982742
125,1997,4.081806,3.572403,5.737096,1.454906,8.3273635,0,1.982742
126,1993,3.910014,3.345689,3.294166,-0.0756503,6.6418671,0,828.4401
126,1994,3.913121,3.352171,3.457074,-0.0364139,6.6418671,0,828.4401
126,1995,3.91622,3.358611,3.232975,0.0029836,6.6418671,0,828.4401
126,1996,3.919309,3.365009,3.54313,0.0328613,6.6418671,0,828.4401
126,1997,3.922389,3.371367,3.28946,0.0626258,6.6418671,0,828.4401
127,1993,3.899289,3.584356,3.31634,1.2645,7.0346487,0,130.5448
127,1994,3.911273,3.599305,3.202188,1.299513,7.0346487,0,130.5448
127,1995,3.923101,3.614032,3.241334,1.326509,7.0346487,0,130.5448
127,1996,3.934776,3.628541,3.255069,1.348563,7.0346487,0,130.5448
127,1997,3.946301,3.64284,3.560881,1.367743,7.0346487,0,130.5448
128,1993,4.281211,4.025899,4.836232,1.33769,7.5349069,0,39.36331
128,1994,4.288089,4.035295,4.847811,1.349315,7.5349069,0,39.36331
128,1995,4.294897,4.044579,4.897203,1.360956,7.5349069,0,39.36331
128,1996,4.301636,4.053754,5.06106,1.382537,7.5349069,0,39.36331
128,1997,4.308308,4.062823,5.009178,1.403851,7.5349069,0,39.36331
129,1993,4.514122,4.275781,7.495768,2.185741,9.9811123,1,373.7532
129,1994,4.515317,4.277169,7.487723,2.191535,9.9811123,1,373.7532
129,1995,4.516453,4.278487,7.504959,2.197166,9.9811123,1,373.7532
129,1996,4.517349,4.279528,7.487407,2.202637,9.9811123,1,373.7532
129,1997,4.517691,4.279923,7.550694,2.207952,9.9811123,1,373.7532
130,1993,4.512718,4.262024,7.473825,2.102937,10.1693967,1,14.3934
130,1994,4.515673,4.265393,7.50889,2.110965,10.1693967,1,14.3934
130,1995,4.518591,4.268713,7.554003,2.118785,10.1693967,1,14.3934
130,1996,4.521504,4.272023,7.576843,2.126401,10.1693967,1,14.3934
130,1997,4.523934,4.274781,7.436028,2.133816,10.1693967,1,14.3934
131,1993,4.038043,3.855703,3.751045,0.6657428,7.0054889,0,149.7128
131,1994,4.050136,3.867438,3.782058,0.7280312,7.0054889,0,149.7128
131,1995,4.061976,3.879041,3.791431,0.7903941,7.0054889,0,149.7128
131,1996,4.073565,3.890515,3.607728,0.81498,7.0054889,0,149.7128
131,1997,4.0849,3.901863,3.708652,0.8393588,7.0054889,0,149.7128
133,1993,4.486364,4.223467,7.111321,2.417698,9.7432425,1,13.90727
133,1994,4.489935,4.227556,7.151896,2.417698,9.7432425,1,13.90727
133,1995,4.493501,4.231629,7.188565,2.417698,9.7432425,1,13.90727
133,1996,4.497063,4.235686,7.18206,2.417698,9.7432425,1,13.90727
133,1997,4.501061,4.240229,7.242207,2.417698,9.7432425,1,13.90727
134,1993,4.357533,4.133283,5.796062,0.8092845,9.0503565,0,7.175748
134,1994,4.36429,4.142385,6.008528,0.8467991,9.0503565,0,7.175748
134,1995,4.370996,4.15141,5.988845,0.8840117,9.0503565,0,7.175748
134,1996,4.377654,4.160359,5.929162,1.009988,9.0503565,0,7.175748
134,1997,4.384263,4.169234,5.806163,1.107867,9.0503565,0,7.175748
135,1993,4.189788,3.99343,4.250421,1.465724,7.4777558,0,1621.015
135,1994,4.195856,4.000686,4.287772,1.484688,7.4777558,0,1621.015
135,1995,4.201817,4.00789,4.288992,1.503399,7.4777558,0,1621.015
135,1996,4.207673,4.015043,4.261034,1.521857,7.4777558,0,1621.015
135,1997,4.213423,4.022146,4.25888,1.54006,7.4777558,0,1621.015
136,1993,4.344718,4.175683,5.966112,2.099536,8.7002471,0,36.78779
136,1994,4.347107,4.179262,5.946353,2.109815,8.7002471,0,36.78779
136,1995,4.34948,4.182827,6.074186,2.120106,8.7002471,0,36.78779
136,1996,4.351839,4.186378,6.122263,2.127714,8.7002471,0,36.78779
136,1997,4.354182,4.189916,6.10998,2.135121,8.7002471,0,36.78779
137,1993,4.249488,4.05571,5.302733,1.88064,8.3894832,0,1879.318
137,1994,4.254667,4.062586,5.278253,1.898666,8.3894832,0,1879.318
137,1995,4.259757,4.069413,5.334178,1.916759,8.3894832,0,1879.318
137,1996,4.264761,4.07619,5.472561,1.929038,8.3894832,0,1879.318
137,1997,4.269681,4.08292,5.50708,1.941057,8.3894832,0,1879.318
138,1993,4.371881,4.046553,4.358159,1.971532,7.9698993,0,251.3176
138,1994,4.377019,4.053918,4.410914,1.983485,7.9698993,0,251.3176
138,1995,4.382212,4.061231,4.496424,1.995468,7.9698993,0,251.3176
138,1996,4.38746,4.068492,4.560349,2.006158,7.9698993,0,251.3176
138,1997,4.392761,4.075702,4.588504,2.016598,7.9698993,0,251.3176
141,1993,4.441042,4.178758,5.700858,2.260169,8.7537349,1,123.7347
141,1994,4.443437,4.181638,5.732577,2.263777,8.7537349,1,123.7347
141,1995,4.446338,4.185118,5.799532,2.267275,8.7537349,1,123.7347
141,1996,4.449922,4.189403,5.923224,2.270667,8.7537349,1,123.7347
141,1997,4.454184,4.194481,5.973114,2.273955,8.7537349,1,123.7347
143,1993,4.465137,4.231381,6.65489,1.801656,9.4691645,1,97.88559
143,1994,4.466502,4.233042,6.67502,1.817704,9.4691645,1,97.88559
143,1995,4.46934,4.236491,6.700549,1.833412,9.4691645,1,97.88559
143,1996,4.47227,4.240047,6.933568,1.848782,9.4691645,1,97.88559
143,1997,4.474168,4.242347,6.968128,1.863816,9.4691645,1,97.88559
144,1993,4.345523,4.128586,5.041489,1.639339,8.2019801,0,12.72439
144,1994,4.34822,4.13227,5.135404,1.647706,8.2019801,0,12.72439
144,1995,4.350903,4.135937,5.178289,1.656105,8.2019801,0,12.72439
144,1996,4.353573,4.139586,5.283209,1.673419,8.2019801,0,12.72439
144,1997,4.35623,4.143219,5.319576,1.690447,8.2019801,0,12.72439
145,1993,4.39514,4.149716,6.944287,1.799732,9.7491924,0,65.19934
145,1994,4.398828,4.154446,6.7795,1.825936,9.7491924,0,65.19934
145,1995,4.402507,4.159149,6.750022,1.846982,9.7491924,0,65.19934
145,1996,4.406175,4.163827,6.855509,1.859407,9.7491924,0,65.19934
145,1997,4.409834,4.16848,7.015824,1.866873,9.7491924,0,65.19934
146,1993,4.359494,4.139946,4.738304,2.257565,8.1773006,0,94.76482
146,1994,4.358946,4.139205,4.554843,2.261193,8.1773006,0,94.76482
146,1995,4.358076,4.138026,4.62582,2.264714,8.1773006,0,94.76482
146,1996,4.356739,4.136215,4.946125,2.268132,8.1773006,0,94.76482
146,1997,4.354926,4.133761,4.907132,2.271448,8.1773006,0,94.76482
147,1993,4.304314,4.110408,5.360565,2.238493,8.4512282,0,8756.286
147,1994,4.298313,4.10201,6.128368,2.243089,8.4512282,0,8756.286
147,1995,4.294974,4.097366,5.523514,2.247536,8.4512282,0,8756.286
147,1996,4.29813,4.101755,5.539593,2.243903,8.4512282,0,8756.286
147,1997,4.309268,4.117391,5.532457,2.241081,8.4512282,0,8756.286
148,1993,4.032287,3.490872,3.636753,1.127684,6.7157539,0,344.0166
148,1994,4.032796,3.492033,3.351283,1.164436,6.7157539,0,344.0166
148,1995,4.033305,3.493192,3.526487,1.200666,6.7157539,0,344.0166
148,1996,4.033813,3.494349,3.591246,1.233226,6.7157539,0,344.0166
148,1997,4.034322,3.495506,3.569199,1.265859,6.7157539,0,344.0166
149,1993,4.368021,4.148381,5.916255,1.226369,9.1704521,0,1036.877
149,1994,4.371511,4.153082,5.86864,1.258924,9.1704521,0,1036.877
149,1995,4.374989,4.157764,5.81116,1.289554,9.1704521,0,1036.877
149,1996,4.378454,4.162426,5.803206,1.318695,9.1704521,0,1036.877
149,1997,4.381906,4.167069,5.818045,1.347659,9.1704521,0,1036.877
150,1993,4.096738,3.693454,3.499468,0.507369,7.1395572,0,1107.26
150,1994,4.105854,3.709545,3.518662,0.5459436,7.1395572,0,1107.26
150,1995,4.114881,3.725344,3.724161,0.5845836,7.1395572,0,1107.26
150,1996,4.123821,3.740857,3.743579,0.6118672,7.1395572,0,1107.26
150,1997,4.132675,3.75609,3.78715,0.6389805,7.1395572,0,1107.26
151,1993,4.240971,3.755169,4.16895,0.8685623,7.3667574,0,446.6203
151,1994,4.244739,3.765992,4.148776,0.8851148,7.3667574,0,446.6203
151,1995,4.248525,3.776683,4.214647,0.9018113,7.3667574,0,446.6203
151,1996,4.252331,3.787244,4.241823,0.9176544,7.3667574,0,446.6203
151,1997,4.256158,3.797675,4.265665,0.9427191,7.3667574,0,446.6203
152,1993,4.477729,4.229926,6.480178,1.81739,10.1394502,0,6034.416
152,1994,4.481415,4.234268,6.498452,1.83182,10.1394502,0,6034.416
152,1995,4.485145,4.238649,6.625048,1.845968,10.1394502,0,6034.416
152,1996,4.486565,4.240315,6.672521,1.859838,10.1394502,0,6034.416
152,1997,4.487984,4.241979,6.665682,1.87343,10.1394502,0,6034.416
155,1993,4.21745,4.081403,5.03907,1.27881,8.0852077,0,290.1394
155,1994,4.224124,4.090816,5.114119,1.289471,8.0852077,0,290.1394
155,1995,4.230531,4.100122,5.3839,1.300166,8.0852077,0,290.1394
155,1996,4.236683,4.109324,5.490891,1.322425,8.0852077,0,290.1394
155,1997,4.242595,4.118426,5.425948,1.344425,8.0852077,0,290.1394
159,1993,4.428155,4.187354,5.59486,2.319422,8.861862,1,111.2180023
159,1994,4.43131,4.191286,5.679534,2.321116,8.861862,1,111.2180023
159,1995,4.434581,4.195355,6.056712,2.322758,8.861862,1,111.2180023
159,1996,4.43725,4.198668,6.268085,2.324351,8.861862,1,111.2180023
159,1997,4.438844,4.200644,6.408454,2.325895,8.861862,1,111.2180023
160,1993,4.459868,4.208777,6.728109,2.182796,9.3132408,0,95.5189972
160,1994,4.462036,4.211363,6.777971,2.189137,9.3132408,0,95.5189972
160,1995,4.465385,4.21535,6.921656,2.195283,9.3132408,0,95.5189972
160,1996,4.470045,4.220882,6.894494,2.201582,9.3132408,0,95.5189972
160,1997,4.476475,4.228486,6.94878,2.206928,9.3132408,0,95.5189972
161,1993,4.510521,4.280262,7.516173,2.261163,9.9567254,1,19.95147
161,1994,4.513344,4.28359,7.520671,2.26475,9.9567254,1,19.95147
161,1995,4.516161,4.28691,7.520808,2.268228,9.9567254,1,19.95147
161,1996,4.519295,4.290597,7.554029,2.2716,9.9567254,1,19.95147
161,1997,4.521906,4.293665,7.570759,2.274867,9.9567254,1,19.95147
162,1993,4.052667,3.597955,4.690461,1.548136,8.1449448,0,55.82768
162,1994,4.058239,3.608625,4.724647,1.567112,8.1449448,0,55.82768
162,1995,4.063786,3.619183,4.720472,1.585807,8.1449448,0,55.82768
162,1996,4.069307,3.629632,4.787268,1.604218,8.1449448,0,55.82768
162,1997,4.074803,3.639973,4.76355,1.622346,8.1449448,0,55.82768
164,1993,4.264234,4.049209,4.554583,1.697035,8.3647637,0,79.23328
164,1994,4.268837,4.055337,4.589839,1.722309,8.3647637,0,79.23328
164,1995,4.273396,4.06144,4.706899,1.74761,8.3647637,0,79.23328
164,1996,4.277914,4.067517,4.662807,1.762173,8.3647637,0,79.23328
164,1997,4.282389,4.073569,4.675884,1.776494,8.3647637,0,79.23328
166,1993,4.110127,3.730607,3.751022,1.182209,7.1152514,0,75.84976
166,1994,4.106454,3.724404,3.754873,1.213523,7.1152514,0,75.84976
166,1995,4.102769,3.71816,3.528803,1.244886,7.1152514,0,75.84976
166,1996,4.099072,3.711877,3.59396,1.265452,7.1152514,0,75.84976
166,1997,4.095362,3.705552,3.5397,1.285783,7.1152514,0,75.84976
167,1993,4.38895,4.095024,5.587373,1.763841,8.7210588,0,117.6426
167,1994,4.389722,4.096031,5.661786,1.777,8.7210588,0,117.6426
167,1995,4.390495,4.097038,5.695714,1.790191,8.7210588,0,117.6426
167,1996,4.391268,4.098043,5.739517,1.805088,8.7210588,0,117.6426
167,1997,4.392042,4.099047,5.783596,1.819704,8.7210588,0,117.6426
168,1993,4.20646,4.026075,4.661161,2.068418,7.1158494,0,41.29302
168,1994,4.203656,4.022629,4.670324,2.078058,7.1158494,0,41.29302
168,1995,4.204178,4.023269,4.384104,2.087434,7.1158494,0,41.29302
168,1996,4.214019,4.035478,4.502987,2.096551,7.1158494,0,41.29302
168,1997,4.223413,4.047409,4.538827,2.105413,7.1158494,0,41.29302
169,1993,4.214007,3.998583,3.973615,2.035908,7.6431925,0,8.7559996
169,1994,4.21366,3.99815,4.017644,2.046421,7.6431925,0,8.7559996
169,1995,4.213312,3.997717,3.828208,2.056655,7.6431925,0,8.7559996
169,1996,4.212965,3.997284,3.926219,2.066614,7.6431925,0,8.7559996
169,1997,4.212616,3.99685,4.496637,2.076303,7.6431925,0,8.7559996
171,1993,4.33493,4.134639,5.190194,2.229841,8.0848602,0,140.4164
171,1994,4.336117,4.136303,5.529851,2.236533,8.0848602,0,140.4164
171,1995,4.337302,4.137966,5.503723,2.24301,8.0848602,0,140.4164
171,1996,4.338484,4.139625,5.488009,2.249279,8.0848602,0,140.4164
171,1997,4.339663,4.141281,5.533813,2.255345,8.0848602,0,140.4164
172,1993,4.378488,4.154093,5.657812,1.984614,8.9581912,0,253.7658
172,1994,4.381449,4.15803,5.581714,1.990514,8.9581912,0,253.7658
172,1995,4.384405,4.161956,5.637071,1.996447,8.9581912,0,253.7658
172,1996,4.387355,4.165872,5.715339,2.007124,8.9581912,0,253.7658
172,1997,4.390301,4.169778,5.811636,2.01755,8.9581912,0,253.7658
173,1993,4.331288,4.090322,5.38068,1.477506,8.4339805,0,59.24768
173,1994,4.336231,4.09699,5.358286,1.513593,8.4339805,0,59.24768
173,1995,4.34117,4.103641,5.405009,1.549789,8.4339805,0,59.24768
173,1996,4.346104,4.110274,5.439529,1.567603,8.4339805,0,59.24768
173,1997,4.351033,4.11689,5.515209,1.585162,8.4339805,0,59.24768
174,1993,4.300749,4.112198,5.243381,1.396942,8.6780129,1,80.39946
174,1994,4.305947,4.119583,5.194304,1.416845,8.6780129,1,80.39946
174,1995,4.311077,4.126927,5.190398,1.436814,8.6780129,1,80.39946
174,1996,4.316143,4.134232,5.376233,1.456777,8.6780129,1,80.39946
174,1997,4.321146,4.141496,5.433819,1.476478,8.6780129,1,80.39946
175,1993,4.107856,3.61722,3.57584,1.047383,6.6408833,0,35.3133
175,1994,4.104291,3.609146,3.581856,1.07299,6.6408833,0,35.3133
175,1995,4.100717,3.601006,3.557008,1.098632,6.6408833,0,35.3133
175,1996,4.097135,3.592798,3.570228,1.122486,6.6408833,0,35.3133
175,1997,4.093544,3.584522,3.604329,1.14611,6.6408833,0,35.3133
176,1993,4.106341,3.56322,3.531647,0.6374502,6.9699965,0,99.05495
176,1994,4.099231,3.544867,3.562524,0.6597087,6.9699965,0,99.05495
176,1995,4.092089,3.526167,3.562004,0.6820179,6.9699965,0,99.05495
176,1996,4.084913,3.507109,3.751121,0.7092716,6.9699965,0,99.05495
176,1997,4.077702,3.487677,3.775813,0.73635,6.9699965,0,99.05495
177,1993,4.398453,4.164312,5.131021,2.211819,7.7419944,0,85.21548
177,1994,4.39296,4.157194,5.163189,2.217262,7.7419944,0,85.21548
177,1995,4.388384,4.151247,4.984223,2.222533,7.7419944,0,85.21548
177,1996,4.384954,4.146779,4.748037,2.215189,7.7419944,0,85.21548
177,1997,4.383051,4.144296,4.859591,2.214094,7.7419944,0,85.21548
178,1993,4.38856,4.194625,6.298861,1.988273,9.0450892,0,18.3448
178,1994,4.390304,4.197045,6.576151,1.998184,9.0450892,0,18.3448
178,1995,4.392043,4.199461,6.573165,2.008118,9.0450892,0,18.3448
178,1996,4.393777,4.20187,6.649331,2.018526,9.0450892,0,18.3448
178,1997,4.3954,4.204123,6.742504,2.028686,9.0450892,0,18.3448
179,1993,4.504725,4.244509,8.109531,2.442347,10.2095945,1,2883.17
179,1994,4.506524,4.246544,8.172488,2.442347,10.2095945,1,2883.17
179,1995,4.508274,4.248522,8.188425,2.442347,10.2095945,1,2883.17
179,1996,4.509958,4.250423,8.207214,2.442347,10.2095945,1,2883.17
179,1997,4.511649,4.25233,8.22182,2.442347,10.2095945,1,2883.17
180,1993,4.299949,4.100239,4.826642,1.955386,7.8664447,0,52.61611
180,1994,4.29985,4.100101,4.713868,1.967946,7.8664447,0,52.61611
180,1995,4.299751,4.099964,4.76527,1.980198,7.8664447,0,52.61611
180,1996,4.299652,4.099826,4.639063,1.960569,7.8664447,0,52.61611
180,1997,4.299552,4.099689,4.696359,1.941184,7.8664447,0,52.61611
182,1993,4.354002,4.164085,5.706258,1.626875,8.9497165,0,24.87126
182,1994,4.356435,4.167553,5.633914,1.635701,8.9497165,0,24.87126
182,1995,4.358856,4.171008,5.674951,1.644527,8.9497165,0,24.87126
182,1996,4.361264,4.174449,5.478122,1.6621,8.9497165,0,24.87126
182,1997,4.36366,4.177877,5.705523,1.679384,8.9497165,0,24.87126
183,1993,4.174552,4.048736,3.964937,2.129082,7.2114785,0,232.4986
183,1994,4.177741,4.052719,4.005539,2.12962,7.2114785,0,232.4986
183,1995,4.180871,4.056684,4.062314,2.126708,7.2114785,0,232.4986
183,1996,4.183941,4.060628,4.12653,2.120266,7.2114785,0,232.4986
183,1997,4.186955,4.064554,4.174924,2.119369,7.2114785,0,232.4986
185,1993,4.325141,4.08355,5.391829,2.346428,7.9413525,0,62.14722
185,1994,4.329605,4.089584,5.436083,2.349182,7.9413525,0,62.14722
185,1995,4.334053,4.095589,4.329792,2.351838,7.9413525,0,62.14722
185,1996,4.338485,4.101565,4.440506,2.353132,7.9413525,0,62.14722
185,1997,4.342902,4.107512,4.559958,2.341351,7.9413525,0,62.14722
186,1993,4.109043,3.879788,3.470634,0.3485888,6.8829186,0,40.1066
186,1994,4.114996,3.886524,3.27968,0.3783853,6.8829186,0,40.1066
186,1995,4.120893,3.893218,3.306519,0.4079027,6.8829186,0,40.1066
186,1996,4.126731,3.89987,3.258284,0.4366908,6.8829186,0,40.1066
186,1997,4.132511,3.90648,3.501524,0.4650925,6.8829186,0,40.1066
188,1993,4.090798,3.66929,6.312199,1.715315,8.6343003,0,3343.239
188,1994,4.095676,3.67828,5.937409,1.73156,8.6343003,0,3343.239
188,1995,4.100536,3.687191,5.949098,1.747521,8.6343003,0,3343.239
188,1996,4.105379,3.696025,5.975359,1.763198,8.6343003,0,3343.239
188,1997,4.110204,3.704783,5.989225,1.778592,8.6343003,0,3343.239
190,1993,4.057847,3.507018,3.864643,1.610414,6.9932291,0,12.70456
190,1994,4.048191,3.483543,3.895213,1.631887,6.9932291,0,12.70456
190,1995,4.038463,3.459507,3.799346,1.653442,6.9932291,0,12.70456
190,1996,4.028658,3.434883,3.713772,1.669321,6.9932291,0,12.70456
190,1997,4.018776,3.40964,4.163011,1.684959,6.9932291,0,12.70456
191,1993,4.147171,3.544715,4.617692,1.320305,7.6511644,0,29.63358
191,1994,4.143457,3.53269,4.661084,1.349631,7.6511644,0,29.63358
191,1995,4.13974,3.52052,4.72503,1.379234,7.6511644,0,29.63358
191,1996,4.136019,3.508202,4.682502,1.399532,7.6511644,0,29.63358
191,1997,4.132295,3.495733,4.870543,1.419577,7.6511644,0,29.63358
